year,projected_poverty_threshold,projected_family_income,projected_family_expenditure,projected_income_gap,projected_expenditure_ratio,projected_new_poor_risk
2024,34189.36842105305,336615.978765646,244720.02237851731,302426.61034459295,0.7270006114263899,0.00025434792690679116
2025,35648.07894736854,343683.11148314737,248865.6905370839,308035.0325357788,0.7241138194516349,0.00031207636084877637
2026,37106.78947368404,350750.24420064874,253011.35869565047,313643.4547269647,0.7213433572149243,0.0003767919421532043
2027,38565.499999999534,357817.376918152,257157.02685421705,319251.87691815244,0.7186823319456611,0.0004484802010309455
2028,40024.21052631503,364884.50963565335,261302.69501278363,324860.2991093383,0.7161243848737266,0.0005270638209556578
